{
  "feature_names": [
    "Packet Length Std",
    "Total Length of Bwd Packets",
    "Subflow Bwd Bytes",
    "Destination Port",
    "Packet Length Variance",
    "Bwd Packet Length Mean",
    "Avg Bwd Segment Size",
    "Bwd Packet Length Max",
    "Init_Win_bytes_backward",
    "Total Length of Fwd Packets",
    "Subflow Fwd Bytes",
    "Init_Win_bytes_forward",
    "Average Packet Size",
    "Packet Length Mean",
    "Max Packet Length",
    "Fwd Packet Length Max",
    "Flow IAT Max",
    "Bwd Header Length",
    "Flow Duration",
    "Fwd IAT Max",
    "Fwd Header Length",
    "Fwd IAT Total",
    "Fwd IAT Mean",
    "Flow IAT Mean",
    "Flow Bytes/s",
    "Bwd Packet Length Std",
    "Subflow Bwd Packets",
    "Total Backward Packets",
    "Fwd Packet Length Mean",
    "Avg Fwd Segment Size",
    "Bwd Packet Length Min",
    "Flow Packets/s",
    "Fwd Packets/s",
    "Bwd Packets/s"
  ],
  "mean_": [
    295.859964959604,
    16496.621666071424,
    16496.11334281284,
    8108.7419246357,
    487721.91520203406,
    307.2020997437072,
    307.20209974371653,
    874.2296359558737,
    1991.9831045903145,
    542.677011160234,
    542.677011160234,
    6926.292684733927,
    192.39411074504403,
    172.3663515152709,
    953.5116276284003,
    207.84160009937955,
    9062819.152167384,
    -1336.6181824635034,
    14619679.580455948,
    8923462.323173845,
    -14656.144006282208,
    14315987.509599665,
    2546888.171348975,
    1264683.2541537592,
    1445435.0651767137,
    336.55157098732843,
    10.547888739277324,
    10.547888739277324,
    58.03687938479139,
    58.03687938479139,
    41.23672118492359,
    71017.19141389962,
    64115.99997990273,
    6974.537313796888
  ],
  "scale_": [
    632.6267055423399,
    2283826.9871242144,
    2283750.934979591,
    18321.97472453129,
    1648310.609819459,
    606.1618670840994,
    606.1618670841186,
    1949.123980685727,
    8464.90049534833,
    6211.906137346726,
    6211.906137346726,
    14313.310972547237,
    332.0043029186483,
    305.82575115652924,
    2030.7303080437985,
    716.9950211201641,
    24324004.595279537,
    1049504.5249830892,
    33509372.027633302,
    24394459.999224644,
    9185299.290730182,
    33428650.723277383,
    9304694.92606274,
    4440659.971519865,
    25076184.051941745,
    840.8219723515473,
    1007.5659286188603,
    1007.5659286188603,
    185.17779078881918,
    185.17779078881918,
    69.02906328492189,
    254608.66721180335,
    248021.04800325647,
    37861.666044446894
  ]
}